{
	"MinPlanets": 1,
	"MaxPlanets": 10,
	"PlanetDistances": [0.434055, 0.661065765, 1.00680316, 1.533361213, 2.335309127, 5.416817244, 8.249812663, 19.13567972, 29.14364021, 44.38576404, 67.59951863];

}