{
	"G": 6.67384E-11,
	"SunLuminosityInWatts": 3.828e+26,
	"SunMassInKilograms": 1.989E+30,
	"SunRadiusInMeters": 695700000,
	"AUInMeters": 149597870700.0,
	"Boltzmann": 0.00000005670373


}